<?xml version="1.0" encoding="UTF-8"?>
<project xmlns="http://maven.apache.org/POM/4.0.0"
         xmlns:xsi="http://www.w3.org/2001/XMLSchema-instance"
         xsi:schemaLocation="http://maven.apache.org/POM/4.0.0 http://maven.apache.org/xsd/maven-4.0.0.xsd">
    <modelVersion>4.0.0</modelVersion>
    <parent>
        <artifactId>hello-jlupin</artifactId>
        <groupId>com.example</groupId>
        <version>1.0-SNAPSHOT</version>
        <relativePath>./pom.xml</relativePath>
    </parent>

    <artifactId>servlet-hello-jlupin</artifactId>
    <packaging>pom</packaging>

    <properties>
        <main.dir>${project.basedir}/</main.dir>
        <jlupin.deploy.skip>false</jlupin.deploy.skip>
    </properties>

    <dependencyManagement>
        <dependencies>
            <dependency>
                <groupId>org.springframework.boot</groupId>
                <artifactId>spring-boot-dependencies</artifactId>
                <version>${spring.boot.version}</version>
                <type>pom</type>
                <scope>import</scope>
            </dependency>
        </dependencies>
    </dependencyManagement>

    <dependencies>
        <dependency>
            <groupId>com.jlupin</groupId>
            <artifactId>jlupin-platform-servlet</artifactId>
        </dependency>

        <dependency>
            <groupId>com.jlupin</groupId>
            <artifactId>jlupin-spring-boot-2-servlet-monitor</artifactId>
        </dependency>

        <dependency>
            <groupId>org.springframework.boot</groupId>
            <artifactId>spring-boot-starter-web</artifactId>
        </dependency>

        <dependency>
            <groupId>org.springframework.boot</groupId>
            <artifactId>spring-boot-starter</artifactId>
            <exclusions>
                <exclusion>
                    <groupId>org.springframework.boot</groupId>
                    <artifactId>spring-boot-starter-logging</artifactId>
                </exclusion>
            </exclusions>
        </dependency>

        <dependency>
            <groupId>org.springframework.boot</groupId>
            <artifactId>spring-boot-starter-log4j2</artifactId>
        </dependency>

        <dependency>
            <groupId>org.springframework.boot</groupId>
            <artifactId>spring-boot-starter-tomcat</artifactId>
        </dependency>

        <dependency>
            <groupId>com.example</groupId>
            <artifactId>common-util</artifactId>
            <version>1.0-SNAPSHOT</version>
        </dependency>

        <dependency>
            <groupId>com.example</groupId>
            <artifactId>common-pojo</artifactId>
            <version>1.0-SNAPSHOT</version>
        </dependency>
    </dependencies>

    <build>
        <plugins>
            <plugin>
                <artifactId>maven-war-plugin</artifactId>
                <version>${maven.war.plugin.version}</version>
                <configuration>
                    <failOnMissingWebXml>false</failOnMissingWebXml>
                </configuration>
            </plugin>

            <plugin>
                <groupId>org.springframework.boot</groupId>
                <artifactId>spring-boot-maven-plugin</artifactId>
                <version>${spring.boot.version}</version>
                <executions>
                    <execution>
                        <goals>
                            <goal>repackage</goal>
                        </goals>
                    </execution>
                </executions>
            </plugin>

            <plugin>
                <groupId>com.jlupin</groupId>
                <artifactId>jlupin-platform-maven-plugin</artifactId>
                <executions>
                    <execution>
                        <id>jlupin-zip</id>
                        <goals>
                            <goal>zip</goal>
                        </goals>
                        <configuration>
                            <additionalFilesDirectories>
                                <param>../additional-files</param>
                            </additionalFilesDirectories>
                        </configuration>
                    </execution>
                    <execution>
                        <id>jlupin-deploy</id>
                        <goals>
                            <goal>deploy</goal>
                        </goals>
                    </execution>
                </executions>
            </plugin>
        </plugins>
    </build>

</project>
